Date,Close/Last,Volume,Open,High,Low
04/04/2025,41.09,258026700,45.99,46.78,41.03
04/03/2025,50.30,140115700,52.43,53.83,50.11
04/02/2025,59.93,123087400,56.19,61.20,56.09
04/01/2025,58.62,97098170,56.68,58.9901,55.62
03/31/2025,57.30,106854500,54.72,57.628,53.04
03/28/2025,57.34,103632100,61.54,61.81,56.97
03/27/2025,62.30,72368040,62.60,64.23,61.75
03/26/2025,63.38,79567690,66.64,66.99,62.76
03/25/2025,67.31,55569700,66.48,67.3701,66.09
03/24/2025,66.13,63411500,65.06,66.53,64.815
03/21/2025,62.18,80490980,59.53,62.415,59.0727
03/20/2025,61.60,88409060,60.66,63.63,60.37
03/19/2025,62.24,92593160,60.68,63.91,59.94
03/18/2025,59.91,87826230,61.77,61.78,59.01
03/17/2025,63.09,90150370,61.88,64.2799,61.15
03/14/2025,61.89,99108540,59.71,62.23,59.50
03/13/2025,57.79,121227300,60.80,60.85,57.04
03/12/2025,61.13,141918600,61.94,62.66,59.16
03/11/2025,59.11,139489300,59.40,61.85,57.3707
03/10/2025,59.81,156135800,64.00,64.19,57.88
03/07/2025,67.41,135177300,65.56,68.01,62.89
03/06/2025,66.04,122822700,68.39,70.4962,65.1716
03/05/2025,72.01,100633300,69.55,72.685,67.49
03/04/2025,69.31,130836900,68.76,72.77,66.01
03/03/2025,70.08,91945840,76.37,77.05,68.435
02/28/2025,74.92,93178970,71.46,75.17,70.075
02/27/2025,71.64,103375500,79.72,80.17,71.48
02/26/2025,78.12,63175730,78.58,80.4499,76.69
02/25/2025,77.62,75597230,80.33,80.38,75.78
02/24/2025,80.70,53233730,84.50,85.05,80.50
02/21/2025,83.71,59313610,89.77,89.79,83.47
02/20/2025,89.30,40133030,90.05,90.23,86.89
02/19/2025,90.40,34257890,90.00,91.12,88.92
02/18/2025,90.39,34412580,90.63,90.75,88.75
02/14/2025,89.83,38028740,88.81,90.18,88.60
02/13/2025,88.79,46460080,85.98,88.955,85.58
02/12/2025,85.20,48493300,82.28,85.605,82.10
02/11/2025,85.03,31301400,84.07,85.99,84.01
02/10/2025,85.64,32797060,84.73,86.20,84.50
02/07/2025,82.73,55435240,86.26,87.19,82.3513
02/06/2025,86.01,38215510,84.96,86.13,84.1948
02/05/2025,84.74,39847430,82.35,84.82,81.76
02/04/2025,83.65,42317270,80.91,83.938,80.73
02/03/2025,80.72,76628490,78.53,81.99,77.34
01/31/2025,82.72,59334630,84.92,87.09,82.18
01/30/2025,83.17,57585510,83.47,84.585,80.86
01/29/2025,82.14,59240550,82.91,82.98,80.26
01/28/2025,82.65,50516700,79.58,83.1699,78.00
01/27/2025,79.14,80910840,77.58,81.03,77.18
01/24/2025,86.75,36239630,88.43,88.83,86.01
01/23/2025,88.34,30240480,86.54,88.38,86.27
01/22/2025,87.80,43132660,86.84,88.91,86.71
01/21/2025,84.52,41725900,84.45,85.15,82.3305
01/17/2025,83.14,43676080,83.69,83.94,81.84
01/16/2025,79.23,46527720,82.01,82.05,79.20
01/15/2025,80.88,53459580,79.31,81.475,78.60
01/14/2025,75.76,62635450,77.48,78.06,74.1909
01/13/2025,76.03,56691010,74.05,76.20,73.34
01/10/2025,76.83,72825830,78.80,78.82,75.23
01/08/2025,80.68,48010620,80.56,81.41,78.44
01/07/2025,80.62,55510480,85.72,85.89,79.705
01/06/2025,85.21,46025000,84.97,86.85,84.03
01/03/2025,82.40,46215780,79.99,82.91,79.62
01/02/2025,78.63,70685330,80.54,81.605,76.531
12/31/2024,79.13,52588840,81.80,82.1599,78.68
12/30/2024,81.26,51422030,81.20,83.06,79.4125
12/27/2024,84.66,51069490,86.37,86.585,82.28
12/26/2024,88.25,29802400,87.62,89.08,86.591
12/24/2024,88.44,24069770,85.95,88.48,85.64
12/23/2024,85.06,41822870,83.45,85.24,81.83
12/20/2024,83.03,72620470,79.06,85.86,78.50
12/19/2024,80.93,56658790,84.27,84.5305,80.75
12/18/2024,82.09,67424580,91.65,92.5673,81.29
12/17/2024,92.04,34584080,92.33,92.9099,91.17
12/16/2024,93.29,34983840,90.72,93.7892,90.67
12/13/2024,89.40,39831850,89.42,90.77,87.85
12/12/2024,87.52,33174150,88.13,88.77,87.2819
12/11/2024,89.29,37448950,86.88,89.62,86.68
12/10/2024,84.76,35770780,86.25,87.12,84.0522
12/09/2024,85.69,34788750,87.25,87.6624,85.08
12/06/2024,87.74,31370340,85.78,87.865,85.72
12/05/2024,85.54,27010200,86.25,86.64,85.34
12/04/2024,86.25,34996280,84.87,86.37,84.5147
12/03/2024,83.21,42405440,81.80,83.33,81.53
12/02/2024,82.48,36819090,80.48,82.9461,80.29
11/29/2024,79.89,20432860,78.13,80.169,77.8501
11/27/2024,77.90,39231820,79.29,79.31,76.3322
11/26/2024,79.83,34873600,79.29,80.25,78.89
11/25/2024,78.61,45757860,80.16,80.87,77.54
11/22/2024,78.25,39967440,77.64,78.61,76.88
11/21/2024,77.96,54932770,78.55,78.88,74.56
11/20/2024,77.20,50630320,77.15,77.29,74.11
11/19/2024,77.29,40044140,74.55,77.55,74.42
11/18/2024,75.77,38982620,74.93,76.74,74.31
11/15/2024,74.27,60300770,77.27,77.45,73.29
11/14/2024,80.06,38825660,81.59,82.0299,79.62
11/13/2024,81.79,37494540,81.86,83.0901,80.68
11/12/2024,82.15,34143030,82.54,82.97,80.65
11/11/2024,82.60,35403040,83.33,83.4335,81.18
11/08/2024,82.75,35029950,82.22,83.11,81.91
11/07/2024,82.55,49772600,80.16,82.93,80.10
11/06/2024,78.86,59397070,76.66,79.2201,76.1942
11/05/2024,72.94,39676270,70.95,73.24,70.915
11/04/2024,70.27,41107180,70.64,71.755,69.51
11/01/2024,70.93,48339440,70.08,72.36,69.97
10/31/2024,69.45,69452560,73.31,73.33,69.4299
10/30/2024,75.17,40236560,76.55,76.98,74.94
10/29/2024,76.88,39272580,74.93,77.455,74.07
10/28/2024,74.81,34581140,76.19,76.19,74.66
10/25/2024,74.74,57413020,74.70,77.00,74.39
10/24/2024,73.50,39306370,73.42,73.80,72.24
10/23/2024,71.79,59086070,74.17,74.47,70.28
10/22/2024,75.27,38153990,73.805,75.95,73.455
10/21/2024,75.05,37497860,74.06,75.421,73.18
10/18/2024,74.64,32075850,74.46,75.15,74.1299
10/17/2024,73.34,48848850,75.58,75.60,73.25
10/16/2024,73.12,35392100,73.24,73.49,71.67
10/15/2024,73.16,53153850,76.35,76.65,72.14
10/14/2024,76.20,33845630,75.44,76.82,75.21
10/11/2024,74.30,35367620,73.17,74.80,72.90
10/10/2024,74.11,43030300,73.32,74.95,72.72
10/09/2024,74.37,39348130,72.52,74.63,72.06
10/08/2024,72.62,38957040,70.66,72.98,70.31
10/07/2024,69.60,41201720,71.05,71.58,69.0579
10/04/2024,71.97,55465010,72.00,72.16,69.78
10/03/2024,69.52,48874720,68.73,70.8084,68.39
10/02/2024,69.68,39559680,69.01,70.5376,67.87
10/01/2024,69.42,67380090,72.28,72.43,67.70
09/30/2024,72.49,43166950,71.46,72.62,70.18
09/27/2024,71.93,41465340,73.62,73.66,71.39
09/26/2024,73.19,53501580,74.92,75.07,71.58
09/25/2024,71.67,32362440,71.14,72.4899,71.059
09/24/2024,71.65,40629760,71.28,72.09,69.38
09/23/2024,70.65,34918520,70.62,71.15,70.04
09/20/2024,70.13,48379780,70.15,70.68,68.31
09/19/2024,70.58,57400670,70.30,71.80,69.4117
09/18/2024,65.62,83198100,67.02,68.76,65.39
09/17/2024,66.49,51557230,67.70,68.26,65.47
09/16/2024,66.45,41165540,66.42,66.71,65.025
09/13/2024,67.35,43983290,66.15,67.87,66.05
09/12/2024,66.48,55173520,64.63,66.89,63.89
09/11/2024,64.57,81737590,61.18,64.9499,57.77
09/10/2024,60.70,45791210,59.78,60.915,58.20
09/09/2024,59.11,55417460,58.57,59.485,57.335
09/06/2024,56.99,84952300,61.61,61.97,56.7201
09/05/2024,62.02,55085760,61.14,63.7194,60.72
09/04/2024,61.82,48399190,61.04,63.37,60.65
09/03/2024,62.35,73786280,67.26,67.32,61.292
08/30/2024,68.61,46473390,68.12,68.87,66.18
08/29/2024,66.35,60016830,67.45,69.43,65.79
08/28/2024,66.70,59312900,68.80,69.12,65.156
08/27/2024,69.04,35766300,67.73,69.50,66.85
08/26/2024,68.46,42490650,70.27,70.67,67.53
08/23/2024,70.53,64376650,70.20,71.72,68.50
08/22/2024,68.38,63748240,72.86,73.16,67.92
08/21/2024,71.83,51500360,71.18,72.66,70.4201
08/20/2024,70.86,48929480,70.90,72.06,70.09
08/19/2024,71.30,45799920,68.68,71.35,67.885
08/16/2024,68.64,44837580,67.62,69.255,67.19
08/15/2024,68.46,53212430,66.13,68.63,65.9876
08/14/2024,63.67,62355290,63.99,64.637,61.8699
08/13/2024,63.56,54481430,60.96,63.71,60.90
08/12/2024,59.25,54486320,59.23,60.40,58.1146
08/09/2024,58.85,62796190,57.44,59.53,57.00
08/08/2024,58.06,76439630,55.45,58.35,54.01
08/07/2024,53.19,91375820,57.57,58.51,53.00
08/06/2024,54.96,96454660,54.13,57.75,53.14
08/05/2024,53.62,143962200,49.33,56.185,48.80
08/02/2024,58.74,104922000,59.65,60.715,57.00
08/01/2024,63.36,105346600,68.58,70.22,61.704
07/31/2024,68.28,86704190,66.98,69.00,66.38
07/30/2024,62.79,71531850,66.28,66.5901,61.34
07/29/2024,65.46,57820440,66.27,67.1854,64.52
07/26/2024,65.08,68703450,65.00,66.34,63.78
07/25/2024,63.27,94064000,65.56,67.34,62.13
07/24/2024,65.45,79787620,70.23,70.3801,65.045
07/23/2024,73.36,43563550,73.73,75.1271,73.14
07/22/2024,74.16,56404280,73.65,74.63,72.12
07/19/2024,71.06,59124820,72.80,73.97,70.44
07/18/2024,73.04,65839240,75.81,75.9199,71.55
07/17/2024,74.15,71420010,77.33,77.57,74.09
07/16/2024,81.30,41818800,81.94,82.35,79.74
07/15/2024,81.24,54950240,81.47,83.62,80.23
07/12/2024,80.64,50509880,79.51,82.94,79.295
07/11/2024,79.35,74664490,84.97,85.06,78.70
07/10/2024,84.93,38777430,83.32,85.20,82.6706
07/09/2024,82.35,36186540,82.92,83.49,81.62
07/08/2024,82.17,36682850,81.81,82.465,81.28
07/05/2024,81.63,39812280,79.57,81.85,79.43
07/03/2024,79.23,28075240,76.95,79.31,76.95
07/02/2024,77.33,37475140,74.29,77.38,74.24
07/01/2024,75.03,43278690,74.16,75.2899,72.4199
06/28/2024,73.82,53901480,75.29,77.53,73.4501
06/27/2024,75.00,37057740,74.32,75.6988,73.92
06/26/2024,74.46,36274770,73.60,74.70,73.41
06/25/2024,74.28,39304330,72.79,74.43,72.37
06/24/2024,71.88,46877270,73.82,74.63,71.8001
06/21/2024,74.40,38856470,74.90,75.53,73.7219
06/20/2024,75.09,52727540,77.46,77.66,74.221
06/18/2024,76.90,33216650,76.83,77.232,76.06
06/17/2024,76.86,46677300,74.28,77.72,73.67
06/14/2024,74.17,35777480,72.95,74.21,72.73
06/13/2024,73.11,43642510,73.57,73.8885,72.07
06/12/2024,71.96,62201340,71.01,73.02,70.72
06/11/2024,69.23,35693370,67.32,69.3187,66.66
06/10/2024,67.83,36226830,66.59,68.0599,66.48
06/07/2024,67.12,44971670,67.12,68.325,66.62
06/06/2024,67.37,36515550,67.74,67.875,66.85
06/05/2024,67.45,52435720,65.12,67.48,64.65
06/04/2024,63.61,44245910,63.00,64.13,62.27
06/03/2024,63.14,55717480,63.73,64.1499,60.9618
05/31/2024,62.53,71873160,62.60,62.89,58.96
05/30/2024,62.60,42782380,64.25,64.295,61.99
05/29/2024,64.68,39641110,64.24,65.44,64.20
05/28/2024,66.06,41593160,65.86,66.10,64.80
05/24/2024,65.35,41279010,64.25,65.89,63.94
05/23/2024,63.57,65438940,66.50,66.51,62.8014
05/22/2024,64.53,40019690,64.69,65.00,63.42
05/21/2024,64.57,31156970,63.44,64.67,63.35
05/20/2024,64.24,37269510,63.02,64.53,62.945
05/17/2024,62.94,35049850,63.09,63.355,62.02
05/16/2024,63.08,43857620,63.36,64.20,62.99
05/15/2024,63.47,65240720,61.69,63.615,61.06
05/14/2024,60.67,46476430,59.36,60.90,59.28
05/13/2024,59.56,33861000,59.92,59.97,58.9802
05/10/2024,59.17,46334850,59.36,60.0699,58.54
05/09/2024,58.77,40719620,58.50,58.9993,57.75
05/08/2024,58.45,39013600,57.50,59.015,57.45
05/07/2024,58.56,46660190,58.72,59.23,58.283
05/06/2024,58.56,41265370,57.42,58.60,57.115
05/03/2024,56.70,75439020,56.33,57.11,55.73
05/02/2024,53.51,62414950,52.92,53.845,51.201
05/01/2024,51.60,104038400,52.15,54.80,51.27
04/30/2024,52.735,62624290,55.30,55.8499,52.7315
04/29/2024,55.94,51177480,56.08,56.3301,54.875
04/26/2024,55.28,67997320,54.03,55.87,53.77
04/25/2024,52.85,86413650,50.90,53.19,50.48
04/24/2024,53.71,72158390,54.32,54.91,52.8318
04/23/2024,53.19,75917530,51.62,53.615,51.49
04/22/2024,50.92,71302370,50.38,51.7699,49.17
04/19/2024,49.48,125403800,52.28,52.47,48.85
04/18/2024,52.75,86390770,53.89,54.56,52.51
04/17/2024,53.71,85513180,56.54,56.55,53.35
04/16/2024,55.78,81883060,55.69,56.81,55.24
04/15/2024,55.77,101828100,60.20,60.23,55.44
04/12/2024,58.72,86294900,59.88,60.35,58.12
04/11/2024,61.70,73465590,59.61,62.06,58.6836
04/10/2024,58.93,101040300,58.36,59.275,58.06
04/09/2024,60.52,60155940,60.81,60.935,58.575
04/08/2024,59.90,44862710,60.21,60.6599,59.312
04/05/2024,59.86,77448630,58.40,60.9287,58.055
04/04/2024,57.82,83760190,62.35,62.6099,57.7401
04/03/2024,60.68,55841890,59.40,61.4599,59.38
04/02/2024,60.28,54836360,59.87,60.42,59.001
04/01/2024,61.94,56145250,61.92,62.99,61.12
03/28/2024,61.56,43511650,61.89,62.23,61.40
03/27/2024,61.95,55694320,62.57,62.63,60.71
03/26/2024,61.41,46992990,62.61,63.01,61.28
03/25/2024,61.99,43334660,61.48,62.63,61.06
03/22/2024,62.63,45787400,62.27,63.17,61.9048
03/21/2024,62.50,63270940,63.75,63.95,62.42
03/20/2024,61.70,78277960,60.07,61.83,59.36
03/19/2024,59.80,59405000,58.54,59.98,57.6802
03/18/2024,59.39,64596870,59.88,60.80,59.29
03/15/2024,57.76,70441910,58.69,58.9217,57.285
03/14/2024,59.95,81240180,60.87,61.10,58.79
03/13/2024,60.44,71889870,61.44,61.455,59.9687
03/12/2024,61.88,85279970,60.29,62.04,58.96
03/11/2024,59.36,73384980,59.41,59.88,58.56
03/08/2024,60.06,148225600,62.92,64.13,59.77
03/07/2024,62.81,71185450,61.55,63.315,60.914
03/06/2024,60.13,90838660,60.74,61.426,59.35
03/05/2024,59.04,96603450,61.10,61.10,58.02
03/04/2024,62.38,60209280,63.09,63.28,62.305
03/01/2024,63.13,70479840,60.75,63.51,60.73
02/29/2024,60.36,68479880,60.08,60.85,58.78
02/28/2024,58.94,61751700,59.03,59.525,58.5501
02/27/2024,59.91,54699870,59.96,60.09,58.87
02/26/2024,59.54,54937680,59.94,60.37,59.43
02/23/2024,59.62,70195400,60.83,61.22,59.22
02/22/2024,60.17,89639620,58.78,60.595,58.4901
02/21/2024,55.38,77293150,54.97,55.42,53.82
02/20/2024,56.08,81660550,56.58,57.18,54.55
02/16/2024,57.41,75966470,59.16,59.21,57.11
02/15/2024,59.03,65028590,58.81,59.2102,57.73
02/14/2024,58.54,78075720,57.80,58.75,56.8601
02/13/2024,56.74,94466460,56.24,57.87,55.435
02/12/2024,59.56,58127490,60.21,61.14,59.275
02/09/2024,60.27,55111000,59.03,60.61,58.712
02/08/2024,58.55,49461070,58.31,58.89,58.02
02/07/2024,58.31,65911720,57.69,58.66,57.17
02/06/2024,56.62,70062110,57.38,57.64,55.64
02/05/2024,56.95,69973880,57.19,57.42,55.57
02/02/2024,57.24,99252480,55.18,57.68,54.79
02/01/2024,54.50,81130730,53.29,54.64,52.91
01/31/2024,52.64,101725800,54.19,54.984,52.58
01/30/2024,55.93,59777220,56.69,56.915,55.60
01/29/2024,57.07,57988590,55.61,57.20,55.34
01/26/2024,55.44,64191290,55.68,56.39,55.18
01/25/2024,56.48,75697600,57.26,57.53,55.52
01/24/2024,56.32,89859290,56.95,57.90,56.115
01/23/2024,55.41,56086000,55.01,55.48,54.28
01/22/2024,54.76,74828260,55.41,55.92,54.5101
01/19/2024,54.54,93179740,52.32,54.62,52.10
01/18/2024,51.56,91070430,50.59,51.72,50.11
01/17/2024,49.44,83277290,49.07,49.59,47.87
01/16/2024,50.31,72937010,49.88,50.91,49.33
01/12/2024,50.34,64107040,50.67,50.98,49.84
01/11/2024,50.28,95114160,50.45,50.97,48.40
01/10/2024,50.04,73810510,49.17,50.41,48.8401
01/09/2024,49.07,74215770,47.66,49.41,47.61
01/08/2024,48.75,67687070,46.39,48.90,46.33
01/05/2024,45.98,85240760,45.86,46.92,45.47
01/04/2024,45.81,71867710,45.87,46.97,45.73
01/03/2024,46.59,83906120,47.17,47.54,46.4301
01/02/2024,48.13,88135330,49.35,49.43,47.265
12/29/2023,50.70,67122690,51.38,51.5236,50.00
12/28/2023,51.41,42884110,51.92,52.01,51.27
12/27/2023,51.54,55747790,51.35,51.66,51.02
12/26/2023,51.27,43685610,50.64,51.51,50.62
12/22/2023,50.35,66210040,50.60,50.94,49.64
12/21/2023,50.145,74544710,49.89,50.27,48.94
12/20/2023,48.54,88082510,50.48,51.27,48.46
12/19/2023,51.02,60174800,50.42,51.06,50.355
12/18/2023,50.27,58217990,49.49,50.60,49.3667
12/15/2023,49.24,78365490,48.94,49.79,48.70
12/14/2023,48.66,101348900,49.25,49.73,47.5501
12/13/2023,48.74,115040700,47.38,49.0694,47.10
12/12/2023,47.08,71449740,45.98,47.10,45.57
12/11/2023,45.97,75770020,44.67,46.08,44.60
12/08/2023,44.83,90894450,43.65,45.00,43.585
12/07/2023,44.30,81377730,43.48,44.54,43.11
12/06/2023,42.52,81500270,44.28,44.32,42.41
12/05/2023,43.29,83770220,42.31,43.70,42.261
12/04/2023,42.98,90571800,42.91,43.0745,41.73
12/01/2023,44.24,86468790,43.49,44.4412,42.924
11/30/2023,43.87,93197250,44.30,44.455,42.8417
11/29/2023,44.24,88761560,45.24,45.73,44.13
11/28/2023,44.40,79174530,43.80,44.60,43.67
11/27/2023,44.05,60928200,44.005,44.74,43.765
11/24/2023,44.18,31987710,44.25,44.45,43.85
11/22/2023,44.40,85929180,44.57,45.42,44.054
11/21/2023,43.89,74137640,44.09,44.16,43.2916
11/20/2023,44.70,83291270,43.15,44.95,43.14
11/17/2023,43.16,78934430,42.88,43.50,42.565
11/16/2023,43.13,89022470,42.76,43.21,42.3305
11/15/2023,43.06,109216300,43.62,43.78,42.60
11/14/2023,42.94,116776200,42.47,43.28,42.29
11/13/2023,40.40,90215210,40.25,40.7299,39.75
11/10/2023,40.77,124790900,38.75,40.83,38.58
11/09/2023,38.22,129182600,39.34,39.71,38.0604
11/08/2023,39.15,93980050,39.20,39.43,38.43
11/07/2023,39.08,102251100,38.35,39.37,37.97
11/06/2023,38.01,91799830,37.81,38.21,37.32
11/03/2023,37.58,114330600,36.70,37.98,36.63
11/02/2023,36.30,117067000,35.76,36.38,35.40
11/01/2023,34.47,166317800,33.00,34.63,32.97
10/31/2023,32.78,111461800,32.32,32.885,31.5992
10/30/2023,32.31,132152800,31.95,32.69,31.575
10/27/2023,31.30,147351100,31.575,32.23,30.95
10/26/2023,30.86,187023700,32.38,32.6399,30.47
10/25/2023,32.77,164181600,34.63,34.68,32.58
10/24/2023,35.36,122537300,34.90,35.59,34.40
10/23/2023,34.39,131799500,33.675,35.41,33.06
10/20/2023,34.09,138861400,35.52,35.70,34.02
10/19/2023,35.70,185025200,37.15,37.51,35.4401
10/18/2023,36.68,131582600,37.47,38.1799,36.3308
10/17/2023,38.30,105193500,37.52,38.82,36.85
10/16/2023,38.67,86576080,37.82,39.00,37.77
10/13/2023,37.41,130093800,39.09,39.2795,36.9741
10/12/2023,38.88,118254600,39.47,40.05,38.12
10/11/2023,39.34,95855430,38.94,39.4119,38.40
10/10/2023,38.52,108054800,38.005,39.3699,37.85
10/09/2023,37.90,105483000,36.61,38.09,36.14
10/06/2023,37.35,147448700,34.65,37.69,34.41
10/05/2023,35.56,109003100,35.89,36.00,34.50
10/04/2023,35.94,126379600,34.78,36.19,34.64
10/03/2023,34.54,133269500,35.71,36.39,34.04
10/02/2023,36.47,118231600,35.67,36.90,35.48
09/29/2023,35.62,143429100,36.58,37.00,35.23
09/28/2023,35.54,134072900,34.39,36.1699,34.131
09/27/2023,34.70,128435800,34.809,35.2699,33.63
09/26/2023,34.49,105339700,35.31,35.48,34.17
09/25/2023,36.10,81269210,35.31,36.14,35.01
09/22/2023,35.625,94090630,36.13,36.78,35.5206
09/21/2023,35.60,108410600,36.55,36.78,35.57
09/20/2023,37.75,98019230,39.77,39.8999,37.70
09/19/2023,39.60,74370740,39.41,39.825,38.60
09/18/2023,39.84,62399100,39.43,40.22,39.33
09/15/2023,39.75,89919830,41.45,41.5878,39.43
09/14/2023,41.90,76189880,41.50,42.24,40.80
09/13/2023,40.94,85424690,40.58,41.4851,40.19
09/12/2023,40.54,77762060,41.34,41.8095,40.40
09/11/2023,41.88,70856400,41.49,42.09,40.8401
09/08/2023,40.50,74882750,40.31,41.24,40.17
09/07/2023,40.38,84311500,39.74,40.60,39.38
09/06/2023,41.28,74029100,42.14,42.24,40.58
09/05/2023,42.40,61889340,41.97,42.82,41.66
09/01/2023,42.29,82529190,43.21,43.36,41.75
08/31/2023,42.44,81121450,42.04,42.98,42.02
08/30/2023,42.06,92979130,41.43,42.28,41.08
08/29/2023,41.37,93747830,38.80,41.52,38.6908
08/28/2023,38.89,91320520,38.95,39.1699,38.0801
08/25/2023,38.04,139144700,37.43,38.56,36.35
08/24/2023,37.16,116198600,40.88,40.905,37.10
08/23/2023,39.78,87727010,38.35,40.12,38.28
08/22/2023,37.99,90393030,38.97,38.98,37.77
08/21/2023,38.16,95743560,36.87,38.38,36.71
08/18/2023,36.40,123501000,35.53,36.8094,35.37
08/17/2023,36.57,105116400,38.25,38.36,36.43
08/16/2023,37.85,95110980,38.92,39.4154,37.82
08/15/2023,39.15,81276760,40.07,40.339,38.88
08/14/2023,40.39,71276790,38.83,40.44,38.60
08/11/2023,39.09,100786900,39.03,39.675,38.60
08/10/2023,39.89,130277100,40.66,41.75,39.3728
08/09/2023,39.71,99715270,41.155,41.21,39.45
08/08/2023,41.08,94390000,41.29,41.29,40.00
08/07/2023,42.16,74896060,41.73,42.20,40.94
08/04/2023,41.14,123726400,42.39,43.17,40.97
08/03/2023,41.72,101348900,41.11,42.46,41.05
08/02/2023,42.02,129022000,43.69,43.695,41.53
08/01/2023,44.96,77245630,44.79,45.23,44.2107
07/31/2023,45.31,79504590,45.33,45.71,44.82
07/28/2023,45.22,102243800,44.30,45.59,44.13
07/27/2023,42.90,130551600,45.11,45.69,42.45
07/26/2023,43.27,102882300,43.32,43.85,42.44
07/25/2023,43.72,69099560,43.08,44.28,43.08
07/24/2023,42.86,63214610,42.98,43.31,42.2032
07/21/2023,42.69,102554300,43.88,44.18,42.51
07/20/2023,43.07,116931400,45.16,45.70,42.69
07/19/2023,46.32,100286900,46.73,47.14,45.82
07/18/2023,46.32,98316830,45.015,46.8409,44.31
07/17/2023,45.24,72762630,44.28,45.5655,44.11
07/14/2023,44.02,93028160,44.22,45.36,43.7201
07/13/2023,44.06,82386620,43.02,44.36,42.83
07/12/2023,41.97,115167700,41.83,42.44,41.1501
07/11/2023,40.47,81239340,40.02,40.615,39.30
07/10/2023,39.90,86006810,39.76,40.1099,38.93
07/07/2023,39.87,84312420,40.19,41.255,39.78
07/06/2023,40.28,85236670,39.97,40.42,39.29
07/05/2023,41.25,69503680,40.72,41.84,40.71
07/03/2023,41.28,39760920,41.20,41.49,40.84
06/30/2023,41.00,92154390,40.40,41.35,40.29
06/29/2023,39.23,99133230,39.36,39.56,38.67
06/28/2023,39.50,108676300,38.67,40.14,38.6325
06/27/2023,39.26,97677020,37.845,39.50,37.60
06/26/2023,37.41,108450000,38.76,39.67,37.34
06/23/2023,38.95,112576200,38.83,39.71,38.38
06/22/2023,40.14,105099600,38.37,40.19,38.2392
06/21/2023,38.85,99633320,40.08,40.22,38.50
06/20/2023,40.60,84124890,40.29,41.08,39.60
06/16/2023,40.80,112405200,42.41,42.44,40.65
06/15/2023,41.60,127937000,39.74,42.09,39.51
06/14/2023,40.19,152656500,39.35,40.30,38.4205
06/13/2023,39.35,133267100,39.37,39.63,38.32
06/12/2023,38.49,77977890,37.15,38.51,36.8401
06/09/2023,36.62,103972000,36.68,37.615,36.195
06/08/2023,36.18,94076940,35.02,36.38,34.95
06/07/2023,34.98,114242700,36.94,37.56,34.77
06/06/2023,36.86,79754520,36.69,37.16,36.26
06/05/2023,36.90,103130900,36.76,37.70,36.56
06/02/2023,36.82,108252800,36.56,37.19,36.01
06/01/2023,36.01,108379600,34.74,36.43,34.41
05/31/2023,34.75,105144500,34.97,35.585,34.40
05/30/2023,35.47,135306400,36.31,36.67,35.04
05/26/2023,34.98,126392200,32.81,35.25,32.79
05/25/2023,32.52,130873500,32.36,32.87,31.68
05/24/2023,30.33,117972500,30.27,30.70,29.77
05/23/2023,30.83,106315000,31.56,31.895,30.73
05/22/2023,32.07,83312360,31.68,32.36,31.67
05/19/2023,31.74,99029200,32.03,32.24,31.45
05/18/2023,31.96,135933800,30.40,32.04,30.395
05/17/2023,30.33,101104600,29.55,30.48,29.23
05/16/2023,29.28,79663460,28.98,29.74,28.96
05/15/2023,29.17,86467630,28.85,29.25,28.43
05/12/2023,28.73,105381700,29.18,29.30,28.17
05/11/2023,29.03,97341450,28.905,29.1899,28.49
05/10/2023,28.79,151551000,28.52,29.02,27.87
05/09/2023,27.89,64840740,27.985,28.22,27.805
05/08/2023,28.44,75738470,28.10,28.54,27.82
05/05/2023,28.21,97801630,27.12,28.46,27.0337
05/04/2023,26.58,121310800,26.78,27.08,26.284
05/03/2023,26.88,170133800,27.50,28.20,26.83
05/02/2023,27.42,124656000,28.14,28.22,26.96
05/01/2023,28.17,89001260,28.14,28.53,27.87
04/28/2023,28.25,130536100,27.64,28.28,27.33
04/27/2023,27.69,127815600,26.56,27.83,26.39
04/26/2023,25.62,124862300,26.02,26.39,25.51
04/25/2023,25.20,138288000,26.28,26.45,25.17
04/24/2023,26.71,107645400,26.81,27.17,26.14
04/21/2023,26.87,114444000,26.70,27.09,26.25
04/20/2023,26.82,136847600,26.67,27.58,26.47
04/19/2023,27.46,95925350,26.87,27.74,26.84
04/18/2023,27.52,106414900,28.07,28.18,27.20
04/17/2023,27.50,114308900,27.35,27.6199,26.81
04/14/2023,27.47,142666100,27.205,27.93,26.695
04/13/2023,27.63,123761500,26.53,27.74,26.49
04/12/2023,26.13,174019300,27.34,27.49,26.00
04/11/2023,26.84,104260800,27.36,27.37,26.70
04/10/2023,27.37,118528800,26.64,27.38,26.17
04/06/2023,27.43,120960300,26.46,27.56,26.11
04/05/2023,26.89,129137000,27.47,27.52,26.41
04/04/2023,27.78,116090400,28.16,28.43,27.42
04/03/2023,28.06,125116300,27.68,28.12,27.33
03/31/2023,28.26,127022100,27.00,28.32,26.91
03/30/2023,26.94,130150000,26.82,27.09,26.49
03/29/2023,26.23,119365300,25.76,26.37,25.57
03/28/2023,24.87,118020700,25.135,25.14,24.29
03/27/2023,25.29,136795600,25.985,26.26,25.06
03/24/2023,25.82,169794700,25.44,25.84,24.84
03/23/2023,25.56,196497200,25.595,26.6099,24.88
03/22/2023,24.68,237918100,25.71,26.96,24.6499
03/21/2023,25.88,135145100,25.31,26.00,24.93
03/20/2023,24.83,164178000,24.43,24.9157,23.89
03/17/2023,24.57,201770300,24.93,25.51,24.10
03/16/2023,24.94,229016400,22.88,25.03,22.72
03/15/2023,23.11,274559400,22.17,23.22,21.83
03/14/2023,22.78,217162900,22.12,22.91,21.92
03/13/2023,21.33,329540700,20.47,22.15,20.13
03/10/2023,20.88,314857600,21.82,22.16,20.62
03/09/2023,21.78,196833700,23.11,23.71,21.59
03/08/2023,22.99,145492800,22.75,23.14,22.33
03/07/2023,22.68,176331500,23.555,23.78,22.5213
03/06/2023,23.56,151849900,23.76,24.48,23.50
03/03/2023,23.46,151676600,22.50,23.53,22.3847
03/02/2023,22.11,159492000,21.01,22.30,20.95
03/01/2023,21.59,154386900,22.06,22.21,21.37
02/28/2023,22.13,127315800,22.08,22.72,22.00
02/27/2023,22.24,138754400,22.48,22.80,22.10
02/24/2023,21.77,172781800,21.75,22.03,21.35
02/23/2023,22.93,179770000,23.185,23.23,21.95
02/22/2023,22.37,167338700,22.45,22.85,21.98
02/21/2023,22.35,150468800,23.10,23.45,22.29
02/17/2023,24.04,194902400,24.03,24.23,23.30
02/16/2023,24.57,194496500,24.83,25.87,24.53
02/15/2023,26.06,138652600,25.02,26.10,24.85
02/14/2023,25.49,255737200,24.535,25.74,24.05
02/13/2023,24.95,139869900,24.14,25.10,23.85
02/10/2023,23.82,183931700,23.76,24.26,23.22
02/09/2023,24.32,197598400,26.05,26.09,23.93
02/08/2023,24.99,181257200,26.05,26.30,24.81
02/07/2023,26.41,259894600,24.83,26.69,24.5412
02/06/2023,24.87,161816200,24.845,25.45,24.52
02/03/2023,25.52,267404200,25.21,27.14,25.11
02/02/2023,26.91,267885100,25.955,27.45,25.75
02/01/2023,24.39,271638800,22.86,24.95,22.36
01/31/2023,22.91,158256900,21.94,22.92,21.90
01/30/2023,21.93,173908000,22.55,22.90,21.85
01/27/2023,23.33,188411100,22.36,23.82,22.33
01/26/2023,22.68,203418900,22.22,22.7199,21.60
01/25/2023,21.44,218083600,20.56,21.59,19.98
01/24/2023,21.60,145006500,21.36,21.8671,21.24
01/23/2023,21.73,194042100,20.55,22.00,20.38
01/20/2023,20.39,161325200,19.175,20.45,18.9601
01/19/2023,18.85,166370700,19.07,19.31,18.58
01/18/2023,19.46,186650100,20.575,20.905,19.39
01/17/2023,20.21,139757900,20.06,20.51,19.81
01/13/2023,20.10,159783000,19.17,20.17,19.10
01/12/2023,19.71,280926300,19.515,19.92,18.59
01/11/2023,19.41,151275000,18.685,19.435,18.52
01/10/2023,18.49,164361500,17.815,18.49,17.70
01/09/2023,18.01,186021400,18.08,18.96,17.8901
01/06/2023,17.64,233447600,16.65,17.90,16.10
01/05/2023,16.36,181252000,16.81,16.85,16.28
01/04/2023,17.17,217636400,17.325,17.49,16.54
01/03/2023,16.91,179925900,17.74,18.0395,16.47
12/30/2022,17.30,150970600,16.76,17.30,16.50
12/29/2022,17.30,153054900,16.67,17.50,16.5301
12/28/2022,16.16,182434600,16.75,17.1955,16.10
12/27/2022,16.84,131600300,17.46,17.48,16.72
12/23/2022,17.59,165067300,17.21,17.72,16.83
12/22/2022,17.54,230450200,18.23,18.245,16.58
12/21/2022,18.98,163187300,18.41,19.25,18.2301
12/20/2022,18.19,172881200,18.00,18.56,17.67
12/19/2022,18.27,155266500,19.10,19.1299,17.98
12/16/2022,19.06,175642100,19.48,19.8091,18.71
12/15/2022,19.64,214026600,20.86,21.0298,19.35
12/14/2022,21.80,289455500,22.21,22.99,21.08
12/13/2022,22.33,347692800,24.175,24.23,21.72
12/12/2022,21.65,112827500,20.91,21.66,20.67
12/09/2022,20.89,177003900,21.05,21.69,20.77
12/08/2022,21.30,188920100,20.87,21.50,20.39
12/07/2022,20.57,173667900,20.56,21.03,20.18
12/06/2022,20.82,169900500,22.18,22.21,20.50
12/05/2022,22.23,150990000,22.88,23.20,21.86
12/02/2022,23.41,181655000,22.445,23.63,22.39
12/01/2022,23.69,205503600,23.70,24.17,23.01
11/30/2022,23.56,272734900,20.85,23.65,20.65
11/29/2022,20.77,137902700,21.32,21.42,20.47
11/28/2022,21.28,132142700,21.80,22.27,21.06
11/25/2022,22.26,67376500,22.34,22.50,22.15
11/23/2022,22.73,178783500,22.05,22.87,22.01
11/22/2022,22.07,146238600,21.33,22.10,20.83
11/21/2022,21.18,144111300,21.52,21.80,20.97
11/18/2022,21.84,194788500,22.56,22.58,21.28
11/17/2022,21.86,213462200,20.95,22.2097,20.91
11/16/2022,22.03,191679400,22.50,22.58,21.82
11/15/2022,22.96,318265700,23.645,23.95,22.18
11/14/2022,22.07,214225900,22.17,22.96,21.82
11/11/2022,22.67,307134200,21.43,22.83,21.12
11/10/2022,21.45,328442400,20.15,21.54,19.70
11/09/2022,17.60,215569100,18.53,18.70,17.53
11/08/2022,18.92,296056300,18.85,19.62,18.09
11/07/2022,18.52,200943400,18.16,18.64,17.71
11/04/2022,17.95,382370200,18.13,18.35,16.85
11/03/2022,17.15,212231800,17.645,17.95,17.04
11/02/2022,18.20,331476300,20.28,20.98,18.181
11/01/2022,20.30,215232400,21.74,21.8699,20.21
10/31/2022,20.95,209561100,21.175,21.365,20.49
10/28/2022,21.70,255388600,19.75,21.81,19.71
10/27/2022,19.90,256629400,20.79,21.12,19.77
10/26/2022,21.06,282519800,21.18,22.50,20.93
10/25/2022,22.55,238399800,21.475,22.64,21.47
10/24/2022,21.27,274622000,20.63,21.47,19.80
10/21/2022,20.57,313729000,18.98,20.69,18.725
10/20/2022,19.21,264851500,19.33,20.4667,18.96
10/19/2022,19.54,259851100,19.41,20.24,19.01
10/18/2022,19.78,346276900,20.865,21.00,19.17
10/17/2022,19.30,230025400,18.805,19.50,18.80
10/14/2022,17.57,335066300,19.85,19.98,17.46
10/13/2022,19.31,414753600,16.515,19.62,16.32
10/12/2022,18.10,200741900,18.23,18.64,17.93
10/11/2022,18.14,264873500,18.52,19.14,17.74
10/10/2022,18.89,206499800,19.515,19.61,18.30
10/07/2022,19.50,250972600,20.88,20.91,19.16
10/06/2022,22.01,237543600,22.30,23.06,21.92
10/05/2022,22.58,229199500,21.665,23.00,21.01
10/04/2022,22.58,231661800,21.895,22.765,21.89
10/03/2022,20.66,223611300,19.705,21.01,19.36
09/30/2022,19.32,256598800,20.155,21.09,19.28
09/29/2022,20.39,270097800,21.305,21.39,19.62
09/28/2022,22.27,256019500,21.03,22.59,20.68
09/27/2022,21.04,271960600,21.815,22.35,20.50
09/26/2022,21.02,245303900,21.16,22.21,20.83
09/23/2022,21.31,280652000,21.795,21.86,20.45
09/22/2022,22.38,215542000,22.85,23.11,22.07
09/21/2022,23.24,295557600,24.81,25.92,23.23
09/20/2022,24.59,161059300,24.53,25.19,23.98
09/19/2022,25.19,151346300,23.94,25.23,23.92
09/16/2022,24.60,196071800,24.21,24.73,23.67
09/15/2022,25.09,196865300,25.88,26.55,24.65
09/14/2022,26.42,154645900,26.125,26.67,25.64
09/13/2022,25.84,195648300,28.24,28.61,25.56
09/12/2022,30.93,136570600,30.30,31.03,30.19
09/09/2022,29.84,149367900,28.68,30.02,28.66
09/08/2022,28.06,205399900,27.03,28.415,26.64
09/07/2022,27.61,165784800,26.18,27.90,26.11
09/06/2022,26.07,180541700,26.76,27.0199,25.46
09/02/2022,26.68,227231500,28.64,29.04,26.17
09/01/2022,27.84,198660200,27.08,27.93,26.02
08/31/2022,27.81,170515300,29.155,29.40,27.7729
08/30/2022,28.33,163507400,29.79,29.95,27.56
08/29/2022,29.31,124220500,29.35,30.12,28.9588
08/26/2022,30.24,183138300,34.345,34.74,30.20
08/25/2022,34.43,111026300,33.28,34.44,32.94
08/24/2022,32.71,93502800,32.30,33.30,32.105
08/23/2022,32.46,109754900,32.431,33.35,32.20
08/22/2022,32.57,112487700,33.89,33.97,32.26
08/19/2022,35.35,112128300,36.48,36.7002,35.065
08/18/2022,37.55,96070430,37.26,37.96,36.69
08/17/2022,37.30,131419200,37.51,38.3278,36.55
08/16/2022,38.64,110377900,38.56,39.38,37.53
08/15/2022,38.89,98154220,37.65,39.08,37.64
08/12/2022,37.98,105593500,36.60,38.05,36.235
08/11/2022,35.95,136680500,37.33,38.02,35.67
08/10/2022,36.50,135777200,36.135,36.64,35.31
08/09/2022,33.73,109203000,34.28,34.37,33.19
08/08/2022,34.93,134380400,35.60,36.83,34.435
08/05/2022,35.29,141949300,34.43,35.98,34.15
08/04/2022,36.15,126783600,35.69,36.265,34.96
08/03/2022,35.64,147106900,33.55,35.95,33.31
08/02/2022,33.00,162687500,32.54,34.3499,32.21
08/01/2022,33.31,142641500,32.78,34.42,32.4399
07/29/2022,33.36,146073200,32.13,33.65,31.6702
07/28/2022,31.62,162035900,30.675,31.82,29.52
07/27/2022,30.74,170959500,28.60,31.25,28.43
07/26/2022,27.33,115877800,28.49,28.57,27.05
07/25/2022,29.09,110448800,29.53,29.67,28.41
07/22/2022,29.53,149400400,30.88,31.53,28.95
07/21/2022,31.16,159690900,30.01,31.175,29.22
07/20/2022,29.89,188563100,28.66,30.25,28.44
07/19/2022,28.46,149321700,27.15,28.62,26.6907
07/18/2022,26.17,159950200,27.61,28.00,25.82
07/15/2022,26.79,154380200,26.27,26.85,25.81
07/14/2022,25.45,175823500,24.465,25.68,23.62
07/13/2022,25.19,180575500,23.84,25.83,23.69
07/12/2022,25.35,159616500,26.44,26.98,24.9099
07/11/2022,26.11,129224100,27.20,27.27,25.86
07/08/2022,27.89,159729200,26.99,28.31,26.71
07/07/2022,27.76,137866300,26.38,28.00,26.37
07/06/2022,26.14,206122900,25.77,26.72,25.28
07/05/2022,25.65,220554000,23.41,25.68,23.00
07/01/2022,24.39,208600400,23.60,24.50,23.10
06/30/2022,24.00,256203900,24.06,24.89,22.75
06/29/2022,24.88,190091100,24.78,25.2899,24.10
06/28/2022,24.83,188120400,27.46,28.21,24.76
06/27/2022,27.32,169131000,28.35,28.50,27.00
06/24/2022,27.98,151817500,26.112,28.04,26.0501
06/23/2022,25.33,182686400,24.94,25.57,24.17
06/22/2022,24.29,194486800,23.71,25.45,23.55
06/21/2022,24.38,159204100,23.815,24.98,23.78
06/17/2022,22.67,220590500,22.07,23.28,21.65
06/16/2022,21.86,212142200,22.99,23.12,21.32
06/15/2022,24.90,274911500,24.06,25.92,23.34
06/14/2022,23.23,196600500,23.64,23.87,22.52
06/13/2022,23.08,213365700,24.27,24.98,22.82
06/10/2022,26.79,171676100,28.255,28.62,26.67
06/09/2022,29.99,137979700,32.07,33.06,29.932
06/08/2022,32.65,112853000,33.075,33.94,32.33
06/07/2022,33.33,137443300,31.42,33.595,31.05
06/06/2022,32.54,150479300,33.615,34.13,32.00
06/03/2022,32.14,162361900,33.14,33.63,31.76
06/02/2022,34.90,168430700,31.92,34.98,31.45
06/01/2022,32.28,199447100,33.71,34.43,31.55
05/31/2022,33.05,184579300,33.30,34.00,31.7312
05/27/2022,33.29,157517900,31.295,33.3392,31.27
05/26/2022,30.32,168565800,27.76,30.78,27.68
05/25/2022,27.98,180641900,26.44,28.60,26.385
05/24/2022,26.90,183244300,27.145,27.36,25.425
05/23/2022,28.69,170520300,27.65,28.83,26.96
05/20/2022,27.34,229055600,28.65,28.8399,24.93
05/19/2022,27.58,196007800,27.54,29.02,27.04
05/18/2022,28.15,164052600,31.46,31.69,27.69
05/17/2022,32.96,153990700,32.43,33.08,31.2395
05/16/2022,30.65,159194000,31.13,31.78,30.18
05/13/2022,31.63,197974000,29.85,32.00,29.38
05/12/2022,28.53,295496500,27.43,29.89,26.69
05/11/2022,28.76,264765900,30.85,32.60,28.47
05/10/2022,31.57,231789800,32.715,33.08,30.28
05/09/2022,30.52,210209900,32.56,33.42,30.01
05/06/2022,34.61,233397200,35.09,36.53,33.10
05/05/2022,35.86,227776300,40.50,40.51,34.52
05/04/2022,42.14,219403400,38.49,42.45,36.53
05/03/2022,38.34,142782800,38.19,39.1694,37.30
05/02/2022,38.25,155952800,36.25,38.28,35.13
04/29/2022,36.53,160058400,40.39,41.769,36.20
04/28/2022,42.06,172349200,39.825,42.73,38.28
04/27/2022,38.04,158349300,38.17,40.22,37.37
04/26/2022,38.21,166131600,42.22,42.29,38.10
04/25/2022,43.05,166439400,40.81,43.16,40.31
04/22/2022,41.51,124412400,45.05,45.57,41.28
04/21/2022,45.09,134313200,49.64,50.77,44.59
04/20/2022,47.90,107814700,50.57,50.74,47.44
04/19/2022,50.16,86186330,46.73,50.4199,46.31
04/18/2022,47.13,87762700,46.47,48.01,45.82
04/14/2022,47.00,83921770,50.42,50.65,46.8305
04/13/2022,50.39,95042310,47.66,50.835,47.33
04/12/2022,47.54,123964100,50.16,50.975,46.89
04/11/2022,48.16,92957250,49.83,50.27,47.95
04/08/2022,51.84,102091200,53.22,53.59,51.50
04/07/2022,54.05,114827000,53.23,55.0889,51.58
04/06/2022,53.70,148429900,54.82,55.3688,52.40
04/05/2022,57.48,86048820,60.82,61.16,56.86
04/04/2022,61.55,68757520,58.38,61.55,58.23
04/01/2022,57.93,88081310,58.43,58.815,56.40
03/31/2022,58.18,84049430,60.64,60.83,57.90
03/30/2022,60.69,83909410,61.68,62.54,59.80
03/29/2022,62.57,102006700,61.52,62.96,60.14
03/28/2022,59.52,91703720,56.92,59.61,56.33
03/25/2022,56.93,99394690,57.04,57.5612,54.85
03/24/2022,57.02,85575250,54.43,57.09,53.41
03/23/2022,53.55,102749700,54.56,56.2693,53.50
03/22/2022,55.91,93344630,53.07,56.34,52.87
03/21/2022,52.79,110547300,52.86,53.925,50.77
03/18/2022,53.17,100784800,49.46,53.41,48.9305
03/17/2022,50.06,96030780,47.59,50.19,47.0399
03/16/2022,48.44,163087500,45.16,48.48,43.69
03/15/2022,43.55,105703600,40.87,43.8899,40.235
03/14/2022,39.86,123132600,41.81,43.13,39.56
03/11/2022,42.34,98907430,46.34,46.47,42.09
03/10/2022,45.14,112787400,44.90,45.62,43.1904
03/09/2022,46.64,109537100,45.40,47.20,44.35
03/08/2022,42.13,177968000,42.39,46.00,40.77
03/07/2022,42.72,124876300,48.045,48.5401,42.63
03/04/2022,48.09,115911500,49.165,49.80,47.00
03/03/2022,50.24,111944300,53.75,53.78,49.37
03/02/2022,52.43,109747900,50.67,53.05,49.42
03/01/2022,50.04,124072500,51.92,52.97,48.85
02/28/2022,52.46,121700500,50.455,53.185,49.9206
02/25/2022,51.91,119186100,49.995,52.005,48.25
02/24/2022,49.56,194867400,40.76,49.85,40.61
02/23/2022,45.14,130460200,50.24,50.63,44.97
02/22/2022,48.88,131438100,49.04,51.50,47.205
02/18/2022,50.44,113082700,52.59,52.7891,49.31
02/17/2022,52.21,78835650,55.64,56.05,51.97
02/16/2022,57.29,93090520,56.27,57.7999,54.70
02/15/2022,57.30,82085590,55.83,57.44,55.35
02/14/2022,53.43,95062530,52.90,54.97,51.70
02/11/2022,53.28,134255600,58.78,59.55,52.555
02/10/2022,58.82,127143300,59.31,62.91,57.80
02/09/2022,63.00,75537700,61.56,63.08,60.76
02/08/2022,59.32,79296610,56.80,59.8255,56.23
02/07/2022,57.37,76956120,59.07,60.27,56.72
02/04/2022,58.70,96534410,56.87,60.41,55.89
02/03/2022,56.74,105575000,59.32,61.07,56.12
02/02/2022,64.50,100815200,65.22,65.3697,62.35
02/01/2022,63.01,101845800,62.42,63.35,59.73
01/31/2022,61.83,113751100,57.045,62.0599,56.22
01/28/2022,56.37,167016200,52.40,56.46,50.10
01/27/2022,51.56,161764100,55.40,56.24,51.04
01/26/2022,53.15,207838100,56.99,58.85,51.37
01/25/2022,53.25,173749000,54.15,56.31,51.75
01/24/2022,57.49,255904600,53.845,57.75,48.17
01/21/2022,56.67,171027300,60.62,62.025,56.50
01/20/2022,61.88,86098530,66.02,68.18,61.50
01/19/2022,64.37,91642200,67.36,68.71,64.16
01/18/2022,66.69,78170870,68.485,69.72,66.06
01/14/2022,71.87,89225820,69.09,72.065,69.00
01/13/2022,70.80,86765910,77.13,77.55,70.02
01/12/2022,76.34,138371180,76.985,77.965,74.94
01/11/2022,75.48,154326820,71.715,75.515,70.52
01/10/2022,72.30,179217400,69.175,72.47,66.05
01/07/2022,72.035,142713480,74.45,75.47,71.00
01/06/2022,74.47,154226580,73.515,76.405,72.21
01/05/2022,74.675,133245240,81.19,81.86,74.5012
01/04/2022,82.24,106648120,85.915,85.945,80.195
01/03/2022,85.565,76505160,83.915,85.72,82.56
12/31/2021,83.165,60248560,84.315,85.20,82.855
12/30/2021,84.74,56635820,85.385,86.8275,84.385
12/29/2021,85.54,57747340,85.655,86.495,83.9755
12/28/2021,85.675,72412520,87.38,87.49,85.015
12/27/2021,86.695,62981640,83.545,86.765,83.50
12/23/2021,82.74,65654120,81.085,83.645,80.985
12/22/2021,80.82,88611360,77.79,81.00,77.4116
12/21/2021,78.035,109562440,75.08,78.2245,72.855
12/20/2021,73.145,120932940,72.51,73.625,71.2501
12/17/2021,75.40,150136080,74.415,77.895,73.50
12/16/2021,76.57,148109900,83.505,83.81,75.475
12/15/2021,82.895,134530600,77.48,83.1345,75.015
12/14/2021,77.75,115466760,77.06,78.78,74.915
12/13/2021,80.135,89572600,83.735,83.945,79.89
12/10/2021,83.735,101537700,82.885,83.915,80.89
12/09/2021,81.22,106400960,84.075,85.255,81.00
12/08/2021,84.885,102621740,83.945,85.00,82.735
12/07/2021,83.72,135289200,80.885,84.14,80.87
12/06/2021,76.795,152413960,75.295,77.64,72.765
12/03/2021,75.04,240286800,80.00,80.64,72.465
12/02/2021,79.01,198216460,76.71,80.2595,75.825
12/01/2021,77.55,152057600,84.43,85.81,77.235
11/30/2021,81.745,151293000,84.84,86.395,80.355
11/29/2021,85.415,79465940,83.10,86.08,82.665
11/26/2021,80.42,88841140,83.39,84.32,79.36
11/24/2021,85.115,99120800,82.655,85.28,81.165
11/23/2021,84.335,113012700,84.725,86.085,81.395
11/22/2021,85.50,89522400,89.645,91.68,85.43
11/19/2021,88.57,64607160,88.215,89.4351,87.66
11/18/2021,87.095,86841680,85.84,87.45,84.385
11/17/2021,84.51,57967940,84.605,85.8425,83.895
11/16/2021,84.41,51590800,82.145,84.7041,82.03
11/15/2021,82.70,69729100,83.455,83.655,81.045
11/12/2021,82.725,63820400,80.905,83.035,79.875
11/11/2021,80.18,57719040,81.375,81.495,79.95
11/10/2021,79.535,96976720,81.36,83.20,78.25
11/09/2021,83.18,88118820,85.625,85.8974,82.285
11/08/2021,84.93,56459820,85.25,85.95,84.53
11/05/2021,85.28,85252720,86.23,86.83,84.365
11/04/2021,84.965,80439720,82.715,85.6739,82.365
11/03/2021,81.91,72605220,79.67,82.16,79.035
11/02/2021,79.39,60085620,78.0125,79.685,77.98
11/01/2021,78.345,65022740,77.90,78.465,76.59
10/29/2021,77.58,67257160,74.595,77.70,74.39
10/28/2021,76.45,65368760,75.155,76.625,74.70
10/27/2021,74.02,72533920,73.78,75.86,73.63
10/26/2021,73.44,83987780,74.16,75.5975,72.825
10/25/2021,72.76,59475720,71.494,73.365,70.36
10/22/2021,70.64,70124160,71.735,72.33,69.68
10/21/2021,72.475,46050160,70.7175,72.605,70.565
10/20/2021,71.20,59354860,71.745,72.11,70.34
10/19/2021,71.425,53225360,70.52,71.515,70.14
10/18/2021,69.89,50438260,67.125,70.01,66.79
10/15/2021,67.855,51429060,67.30,67.925,66.71
10/14/2021,66.62,60874920,65.055,66.725,64.70
10/13/2021,63.135,70460680,62.89,63.475,61.80
10/12/2021,61.69,87201740,63.085,63.31,61.305
10/11/2021,62.325,68107660,62.93,64.845,62.2675
10/08/2021,63.74,78566080,65.335,65.461,63.485
10/07/2021,64.735,75407560,64.6625,66.17,64.365
10/06/2021,63.03,117495380,60.13,63.16,59.63
10/05/2021,61.81,81306420,59.985,63.00,59.8605
10/04/2021,59.52,128617940,62.55,62.7435,58.235
10/01/2021,63.42,104353980,62.625,64.0049,60.42
09/30/2021,62.285,117312020,63.89,64.77,62.04
09/29/2021,62.995,97530600,63.98,65.145,62.65
09/28/2021,63.415,148822900,66.57,66.945,63.035
09/27/2021,69.185,78355460,69.105,69.70,67.70
09/24/2021,70.895,54775200,69.36,71.125,69.15
09/23/2021,70.695,69369580,69.455,71.285,69.085
09/22/2021,68.785,87669420,67.43,69.615,66.805
09/21/2021,66.83,71700640,67.69,68.375,66.295
09/20/2021,66.745,121913640,67.71,68.73,64.00
09/17/2021,71.12,77325180,73.45,73.465,70.48
09/16/2021,73.725,52615420,72.775,74.0649,71.62
09/15/2021,73.58,55892620,72.245,73.78,70.8825
09/14/2021,71.985,59629160,73.475,73.93,71.41
09/13/2021,72.61,77774680,74.145,74.39,71.38
09/10/2021,72.775,69217740,75.50,75.925,72.555
09/09/2021,74.45,55286760,75.365,76.05,74.295
09/08/2021,75.255,63423020,75.905,75.925,73.855
09/07/2021,76.035,45185340,75.775,76.44,75.08
09/03/2021,75.725,46647400,74.35,75.97,74.33
09/02/2021,75.05,47649420,75.975,76.17,74.30
09/01/2021,75.155,47783960,75.415,76.41,75.035
08/31/2021,74.745,45897940,75.11,75.15,73.845
08/30/2021,74.955,45635200,73.00,75.26,72.975
08/27/2021,72.55,46159920,70.845,72.80,70.57
08/26/2021,70.49,53502480,71.335,71.755,70.22
08/25/2021,71.705,38063520,71.745,72.20,71.315
08/24/2021,71.625,36343480,71.305,71.97,71.035
08/23/2021,70.925,48266120,68.515,71.35,68.50
08/20/2021,67.90,62541140,66.475,68.135,66.29
08/19/2021,65.865,81623820,63.87,66.80,63.725
08/18/2021,64.94,65042360,66.55,67.36,64.755
08/17/2021,66.885,83197580,67.105,67.675,65.485
08/16/2021,68.69,61320780,67.97,68.715,65.7476
08/13/2021,68.57,36644700,68.09,68.805,67.815
08/12/2021,67.89,39810100,66.905,68.10,66.12
08/11/2021,67.19,46593960,68.25,68.525,66.42
08/10/2021,67.555,53081220,68.885,69.055,66.8575
08/09/2021,68.58,34210900,68.455,68.89,67.84
08/06/2021,68.215,43152980,68.395,68.965,67.5775
08/05/2021,69.115,38670260,68.28,69.24,67.90
08/04/2021,67.84,48428480,67.545,68.38,66.90
08/03/2021,67.505,63417820,66.72,67.60,64.925
08/02/2021,66.35,54559900,67.27,67.595,66.01
07/30/2021,66.37,56559380,65.175,66.675,65.135
07/29/2021,67.38,44319240,66.74,68.06,66.7325
07/28/2021,67.05,71970140,66.93,67.93,65.635
07/27/2021,66.325,89391060,68.415,68.415,63.915
07/26/2021,68.565,42988820,68.01,68.785,67.52
07/23/2021,68.28,51949220,66.85,68.555,66.1475
07/22/2021,66.085,47478700,64.925,66.10,64.9176
07/21/2021,64.725,40881680,63.155,64.795,63.00
07/20/2021,63.28,60772340,61.72,64.15,60.775
07/19/2021,61.26,101143200,60.905,61.50,59.835
07/16/2021,62.765,63701440,64.8275,65.355,62.585
07/15/2021,64.345,68596480,65.705,65.79,63.23
07/14/2021,65.705,68021340,66.68,67.04,65.275
07/13/2021,65.35,59725000,65.19,67.0337,64.905
07/12/2021,65.385,43563100,65.40,65.6445,64.5292
07/09/2021,64.575,46437760,63.14,64.90,62.815
07/08/2021,63.50,76262140,61.8425,63.93,61.12
07/07/2021,64.62,57637740,65.45,65.61,63.55
07/06/2021,64.21,54799780,63.725,64.38,62.25
07/02/2021,63.36,46751000,62.32,63.575,62.19
07/01/2021,61.28,41917480,61.04,61.5699,60.325
06/30/2021,61.25,40273300,61.445,61.65,60.925
06/29/2021,61.52,37279940,60.78,61.538,60.335
06/28/2021,60.835,44393860,59.385,60.94,59.37
06/25/2021,58.755,43496560,59.245,59.375,58.425
06/24/2021,58.94,46836240,58.87,59.745,58.595
06/23/2021,57.875,46998460,57.785,58.48,57.4625
06/22/2021,57.775,51789360,56.155,58.025,55.985
06/21/2021,56.205,53854280,55.315,56.40,54.195
06/18/2021,55.195,71447260,55.705,56.289,54.84
06/17/2021,56.545,72161780,53.98,57.04,53.965
06/16/2021,54.51,78889000,55.31,55.8351,52.76
06/15/2021,55.10,45054080,56.01,56.17,54.73
06/14/2021,56.14,45411580,54.82,56.185,54.25
06/11/2021,54.61,34169360,54.21,54.62,53.88
06/10/2021,54.18,58603440,52.715,54.25,52.50
06/09/2021,52.57,38901820,53.18,53.56,52.465
06/08/2021,52.51,46472240,53.29,53.71,51.7125
06/07/2021,52.45,31096540,51.715,52.4825,51.407
06/04/2021,51.99,45587600,50.315,52.1949,50.265
06/03/2021,49.455,60516060,49.745,50.335,48.6875
06/02/2021,51.06,41589320,50.975,51.485,50.265
06/01/2021,50.795,51931760,51.925,52.15,50.1425
05/28/2021,51.295,40928560,51.39,52.0475,51.15
05/27/2021,50.80,41608420,51.185,51.58,50.72
05/26/2021,51.40,39017460,51.18,51.6193,50.86
05/25/2021,50.885,53364420,51.374,51.72,50.315
05/24/2021,50.64,46090840,49.275,51.17,49.11
05/21/2021,48.225,64066640,49.77,49.966,48.055
05/20/2021,49.035,69613220,47.035,49.43,46.915
05/19/2021,46.355,95944860,43.825,46.495,43.665
05/18/2021,46.185,65841980,47.605,48.14,46.095
05/17/2021,47.175,69012120,47.255,47.5799,45.865
05/14/2021,47.985,72131680,46.44,48.445,46.21
05/13/2021,45.055,104301020,45.30,46.3351,44.0352
05/12/2021,44.125,118079020,45.51,46.575,43.66
05/11/2021,47.76,114403440,45.295,48.12,45.00
05/10/2021,48.00,92107480,51.245,51.33,47.88
05/07/2021,51.90,79353380,51.985,53.0375,51.3855
05/06/2021,50.66,84831640,49.435,50.74,48.395
05/05/2021,49.575,68214580,51.02,51.425,49.20
05/04/2021,50.16,105616920,51.725,51.845,48.225
05/03/2021,52.95,67111060,54.38,54.745,52.715
04/30/2021,53.83,59220180,53.645,54.90,53.345
04/29/2021,54.86,74062200,55.93,56.115,53.29
04/28/2021,54.315,59475000,54.695,55.20,53.9851
04/27/2021,54.88,59656300,55.735,55.835,54.385
04/26/2021,55.61,49988320,54.655,55.735,54.275
04/23/2021,54.53,53941860,52.86,55.16,52.86
04/22/2021,52.55,87424120,54.335,54.815,51.97
04/21/2021,54.535,55528580,52.50,54.615,52.01
04/20/2021,53.19,79141880,54.025,54.66,52.195
04/19/2021,54.38,79584100,55.075,55.685,53.375
04/16/2021,55.905,58743960,55.955,55.995,54.95
04/15/2021,55.67,60399040,54.685,55.885,54.62
04/14/2021,53.315,80613720,55.395,55.465,52.88
04/13/2021,55.255,57511020,54.19,55.50,54.06
04/12/2021,53.425,54815980,53.15,53.62,52.49
04/09/2021,53.635,64719100,52.01,53.73,51.66
04/08/2021,52.68,56809660,52.46,52.77,52.05
04/07/2021,51.085,49493520,50.515,51.49,50.05
04/06/2021,50.71,60303420,50.68,51.64,50.355
04/05/2021,50.83,65269860,49.105,51.19,48.9857
04/01/2021,47.95,72543660,47.3175,48.015,47.21
03/31/2021,45.63,80984340,44.395,46.30,44.255
03/30/2021,43.67,74174880,43.475,43.895,42.48
03/29/2021,44.30,95294580,44.12,44.77,42.86
03/26/2021,44.325,107530240,42.36,44.485,41.765
03/25/2021,42.45,119937200,41.91,43.09,40.825
03/24/2021,42.68,95241860,45.545,45.56,42.625
03/23/2021,44.95,93890380,46.025,46.615,44.585
03/22/2021,45.545,70550580,44.145,46.435,44.145
03/19/2021,43.24,96643280,42.625,43.775,41.70
03/18/2021,42.695,114754900,44.805,45.25,42.475
03/17/2021,47.01,98185300,45.06,47.865,44.305
03/16/2021,46.425,84385120,46.67,47.995,45.80
03/15/2021,45.675,63669760,44.405,45.755,43.69
03/12/2021,44.26,83294960,43.585,44.335,42.535
03/11/2021,45.39,79467860,44.51,46.13,44.07
03/10/2021,42.445,101685620,44.63,44.75,42.155
03/09/2021,42.81,86714540,41.2335,43.575,40.965
03/08/2021,38.30,117865760,41.64,42.425,38.135
03/05/2021,41.88,168328300,41.145,42.235,37.515
03/04/2021,40.085,216018600,41.985,43.32,38.44
03/03/2021,42.17,115771300,45.685,46.10,42.1225
03/02/2021,46.175,75846580,48.77,48.8425,46.05
03/01/2021,48.50,66853520,46.68,48.6539,46.095
02/26/2021,44.61,104659180,45.1925,46.58,43.125
02/25/2021,43.95,118895940,47.81,49.035,43.225
02/24/2021,49.075,61520920,46.62,49.235,45.45
02/23/2021,47.92,99637420,45.89,48.68,43.21
02/22/2021,48.35,66367440,50.27,50.90,48.25
02/19/2021,52.41,46688640,53.82,53.84,51.93
02/18/2021,53.11,55101000,52.03,53.48,51.14
02/17/2021,53.835,53321560,53.115,53.97,52.005
02/16/2021,54.595,44331880,55.48,55.9299,54.04
02/12/2021,55.055,38735860,53.79,55.15,53.22
02/11/2021,54.135,49430000,54.08,54.37,52.98
02/10/2021,53.275,61773960,54.39,54.60,51.73
02/09/2021,53.655,32884440,53.24,54.285,53.24
02/08/2021,53.68,38497500,53.48,53.7751,52.6743
02/05/2021,52.65,43307640,52.60,53.145,51.785
02/04/2021,52.105,36404460,51.02,52.15,50.375
02/03/2021,50.325,47586020,51.965,52.115,50.325
02/02/2021,50.91,46373280,49.945,51.48,49.88
02/01/2021,48.56,52829740,46.775,49.015,45.87
01/29/2021,45.235,92139240,47.45,47.96,44.375
01/28/2021,48.24,45010860,47.945,50.50,47.675
01/27/2021,47.54,94450360,50.63,50.65,46.50
01/26/2021,51.71,45484480,51.86,52.29,51.0875
01/25/2021,51.655,76585120,51.88,52.5341,48.40
01/22/2021,50.26,40939380,50.205,50.76,49.94
01/21/2021,50.72,46341640,50.125,51.07,49.50
01/20/2021,49.49,60868160,47.9275,49.9425,47.765
01/19/2021,46.265,60483680,45.3625,46.5175,44.90
01/15/2021,44.3425,70845960,45.3525,45.7825,43.77
01/14/2021,45.4475,59117800,46.375,46.835,45.24
01/13/2021,46.15,54375000,45.3925,46.5475,45.126
01/12/2021,45.27,73015720,45.53,46.0025,44.10
01/11/2021,45.4675,70651160,46.2025,46.735,45.2025
01/08/2021,47.57,76407640,46.8275,47.72,45.85
01/07/2021,45.795,61847560,43.8425,46.1625,43.8375
01/06/2021,42.71,105365280,42.475,44.585,42.055
01/05/2021,44.5525,59356200,43.07,44.6388,43.07
01/04/2021,43.4625,98736080,46.02,46.097,41.7075
12/31/2020,45.45,53354080,45.0675,45.62,44.5825
12/30/2020,45.0975,52403480,45.6125,45.75,44.8175
12/29/2020,45.105,60571360,45.5875,45.85,44.7025
12/28/2020,44.9725,58526520,44.79,45.1887,44.0075
12/24/2020,43.6625,38532888,43.2275,43.86,43.18
12/23/2020,43.1025,59717200,43.76,43.94,43.045
12/22/2020,43.7625,81004400,43.825,44.1775,42.5438
12/21/2020,43.42,101798360,42.3925,43.655,41.17
12/18/2020,43.5825,84378040,44.39,44.4775,42.6325
12/17/2020,44.0625,69637720,43.9125,44.1688,43.3975
12/16/2020,43.1775,68795240,42.6925,43.5625,42.245
12/15/2020,42.465,78991400,42.145,42.5025,41.23
12/14/2020,41.185,73342240,40.8075,42.0125,40.7925
12/11/2020,40.325,84909800,39.9125,40.3825,38.975
12/10/2020,40.61,86673280,39.26,41.0667,38.815
12/09/2020,40.1175,122439360,42.96,43.065,39.655
12/08/2020,42.9975,66962880,42.4125,43.17,41.6525
12/07/2020,42.6075,62013880,41.975,42.755,41.90
12/04/2020,41.8975,63544040,41.40,41.96,41.1275
12/03/2020,41.39,78730840,41.3225,42.0475,41.0878
12/02/2020,41.2225,73064640,40.5525,41.3603,39.795
12/01/2020,41.0575,85397800,40.4475,41.7375,40.025
11/30/2020,39.505,92311040,39.43,39.695,37.645
11/27/2020,39.3025,46463760,39.01,39.7675,38.8825
11/25/2020,38.2575,64338840,37.93,38.5025,37.6125
11/24/2020,37.55,78007560,36.455,37.7575,35.7675
11/23/2020,36.075,89530400,36.455,36.935,35.19
11/20/2020,36.0675,64996720,36.7625,37.0675,36.03
11/19/2020,36.815,79670880,35.7275,36.9225,35.49
11/18/2020,35.925,77170640,36.565,37.1875,35.925
11/17/2020,36.7775,91351800,37.20,37.34,36.5325
11/16/2020,37.12,106874520,36.1875,37.2525,35.936
11/13/2020,36.285,104897240,35.945,36.52,35.165
11/12/2020,35.3575,143857120,36.2125,36.73,34.93
11/11/2020,35.8825,126830760,34.5175,36.0475,34.37
11/10/2020,33.6225,168666640,34.285,34.8125,32.5875
11/09/2020,35.54,165865520,38.92,39.595,35.37
11/06/2020,37.85,135151280,37.4675,38.1425,36.015
11/05/2020,37.7225,150132560,37.415,38.1375,36.8975
11/04/2020,35.02,169187720,33.8975,35.66,33.33
11/03/2020,30.85,134969320,29.995,31.6023,29.65
11/02/2020,29.3725,151135920,29.9475,30.5225,28.4025
10/30/2020,29.3625,231165760,30.8875,31.1825,28.3875
10/29/2020,31.5575,138187360,30.485,32.615,30.31
10/28/2020,30.03,184720160,32.355,32.56,29.9501
10/27/2020,34.0225,111930000,33.5675,34.30,33.13
10/26/2020,33.2375,158556600,33.9425,34.995,31.8725
10/23/2020,34.825,95543880,34.8525,34.8575,33.7225
10/22/2020,34.6225,119581600,34.925,35.2509,33.3675
10/21/2020,34.605,121286280,34.7725,35.7525,34.43
10/20/2020,34.695,137355080,34.745,35.85,34.1469
10/19/2020,34.4725,138777480,37.01,37.3775,34.09
10/16/2020,36.275,114048560,37.5175,38.0673,36.125
10/15/2020,36.84,124538280,35.755,37.0975,35.485
10/14/2020,37.6175,148985480,38.915,39.30,36.9125
10/13/2020,38.57,141930800,39.30,39.5825,38.0375
10/12/2020,38.565,147058600,37.10,39.6825,36.715
10/09/2020,35.275,97635760,34.385,35.3462,34.24
10/08/2020,33.7725,98946840,34.1125,34.1517,33.385
10/07/2020,33.2825,112544480,32.5425,33.5275,32.345
10/06/2020,31.62,172824560,33.0975,33.78,31.2875
10/05/2020,33.415,105395360,32.1175,33.525,32.0625
10/02/2020,31.4325,199776680,32.03,33.4075,31.0825
10/01/2020,34.2575,139338000,34.1425,34.5175,33.445
09/30/2020,32.725,169384160,32.1475,33.88,32.0625
09/29/2020,32.09,111388680,32.37,32.7097,31.8825
09/28/2020,32.43,136665600,32.3225,32.50,31.3925
09/25/2020,30.615,162239400,28.7675,30.89,28.2625
09/24/2020,28.61,187518160,27.4225,29.6775,27.2925
09/23/2020,28.1975,202753720,30.9625,31.0375,27.9275
09/22/2020,31.075,157533360,30.30,31.2825,29.115
09/21/2020,29.465,187657400,27.8075,29.4875,27.025
09/18/2020,29.12,231521320,30.715,30.8624,27.6905
09/17/2020,30.29,223422560,29.3025,30.99,29.0125
09/16/2020,31.7525,153586640,33.6325,33.83,31.6475
09/15/2020,33.355,150444720,33.3325,33.8551,32.74
09/14/2020,31.995,134516600,31.75,32.7025,31.27
09/11/2020,30.4275,192898920,31.75,32.0475,29.2025
09/10/2020,31.1075,232968240,34.13,34.5975,30.435
09/09/2020,33.0175,145176160,32.2575,33.80,31.4175
09/08/2020,30.405,213412240,31.2375,33.4925,30.265
09/04/2020,35.41,280740440,36.345,37.575,30.965
09/03/2020,36.9325,221512480,41.6825,41.85,35.705
09/02/2020,43.6325,144684880,43.87,43.9175,41.1684
09/01/2020,42.435,96920080,41.48,42.4925,40.7375
08/31/2020,40.34,90199040,39.635,41.135,39.455
08/28/2020,39.4275,99072680,39.3225,39.6825,38.7875
08/27/2020,38.8275,151301000,39.645,39.9675,37.895
08/26/2020,39.1825,109831680,37.3175,39.2625,37.27
08/25/2020,36.825,86278520,35.7075,36.8625,35.5175
08/24/2020,35.985,125691840,36.5525,36.8897,35.11
08/21/2020,35.33,82140120,34.665,35.5025,34.4487
08/20/2020,34.6075,76387360,32.9375,34.7975,32.7925
08/19/2020,33.24,102923600,33.897,34.3025,33.0725
08/18/2020,33.9025,74656680,33.3575,34.10,32.8225
08/17/2020,32.935,63332320,32.4675,33.09,32.415
08/14/2020,31.8825,99868800,32.165,32.2975,31.3525
08/13/2020,31.975,117140720,32.02,32.795,31.6325
08/12/2020,31.7525,110922120,30.275,32.09,30.275
08/11/2020,29.5425,155136600,30.89,31.3625,29.3475
08/10/2020,31.32,127155520,31.8175,31.9025,30.042
08/07/2020,31.7475,148353960,32.655,32.955,30.9225
08/06/2020,32.82,96032000,31.5275,32.9825,31.305
08/05/2020,31.61,81481600,31.5375,31.7675,31.2275
08/04/2020,31.36,105503920,30.83,31.405,30.585
08/03/2020,30.9575,108934000,30.5625,31.2825,30.515
07/31/2020,29.845,180002400,29.83,29.875,28.2201
07/30/2020,28.3175,151100080,27.225,28.4925,26.84
07/29/2020,27.865,97140280,27.4225,28.1525,27.2875
07/28/2020,26.9475,119351280,27.77,27.9275,26.8425
07/27/2020,28.00,133811840,27.1475,28.1375,26.87
07/24/2020,26.5725,178609320,26.1275,27.04,25.2525
07/23/2020,27.3825,168324280,29.5775,29.81,26.8925
07/22/2020,29.71,113894520,29.5425,30.0325,28.9125
07/21/2020,29.37,147840520,30.8975,30.9175,29.10
07/20/2020,30.34,125810720,28.20,30.5575,27.7725
07/17/2020,27.96,115501720,28.04,28.26,27.25
07/16/2020,27.83,149985800,27.51,28.09,26.7475
07/15/2020,28.44,183771800,28.715,29.055,27.3475
07/14/2020,28.30,229875400,26.8975,28.43,25.8475
07/13/2020,27.7125,187292200,30.5125,31.4875,27.4225
07/10/2020,29.5375,121394680,28.855,29.6125,27.9725
07/09/2020,28.925,158798200,28.8525,29.1675,27.465
07/08/2020,28.22,119965680,27.6075,28.235,27.1225
07/07/2020,27.175,123049560,27.6375,28.54,27.06
07/06/2020,27.72,105991840,26.825,27.895,26.8225
07/02/2020,25.8225,114076080,26.0725,26.4675,25.685
07/01/2020,25.285,126068880,24.465,25.6175,24.31
06/30/2020,24.4125,125694360,23.08,24.62,23.0325
06/29/2020,23.085,129804640,22.3025,23.1075,21.57
06/26/2020,22.37,187970560,24.005,24.075,22.225
06/25/2020,24.1025,150851640,23.4775,24.18,22.685
06/24/2020,23.48,196410680,24.725,25.1175,22.9625
06/23/2020,24.95,117449160,24.8425,25.655,24.665
06/22/2020,24.315,110066600,23.4775,24.3875,23.3775
06/19/2020,23.48,144975000,24.2425,24.3075,22.99
06/18/2020,23.5125,106392960,23.235,23.59,23.01
06/17/2020,23.3325,129429080,23.5425,23.865,23.10
06/16/2020,23.1075,191608880,23.3475,23.53,22.0775
06/15/2020,21.9475,199092440,20.27,22.17,20.015
06/12/2020,21.20,205938560,22.0724,22.4116,20.1075
06/11/2020,20.75,191666000,23.145,23.5525,20.705
06/10/2020,24.3325,151455520,23.99,24.805,23.845
06/09/2020,23.485,106589760,22.7225,23.745,22.6848
06/08/2020,22.9725,109272240,22.3975,23.02,21.9753
06/05/2020,22.4725,140697160,21.475,22.6327,21.375
06/04/2020,21.215,133204200,21.5575,21.97,20.8393
06/03/2020,21.655,107516720,21.5375,21.8725,21.3025
06/02/2020,21.365,125357080,21.06,21.3875,20.41
06/01/2020,20.9475,105581160,20.5138,21.06,20.4075
05/29/2020,20.6925,179473640,20.01,20.83,19.58
05/28/2020,19.8725,152612560,19.65,20.8015,19.6375
05/27/2020,20.00,173645480,19.5275,20.01,18.345
05/26/2020,19.7225,122601120,20.7625,20.83,19.595
05/22/2020,19.805,104832480,19.5225,19.8725,19.2625
05/21/2020,19.6275,161346760,20.31,20.48,19.4825
05/20/2020,20.25,142707960,19.8025,20.3775,19.8025
05/19/2020,19.13,130715280,19.345,19.8925,19.10
05/18/2020,19.2775,148815080,19.00,19.55,18.805
05/15/2020,18.2225,178903360,17.1775,18.275,17.0725
05/14/2020,17.915,201499600,17.01,17.9225,16.5275
05/13/2020,17.34,245559600,18.1475,18.6125,16.69
05/12/2020,18.0225,169681640,19.3675,19.5325,18.0075
05/11/2020,19.1625,134691880,18.3675,19.475,18.3125
05/08/2020,18.6975,131418440,18.3875,18.7375,18.13
05/07/2020,17.9725,144744960,17.9575,18.1875,17.6412
05/06/2020,17.2975,155940440,17.385,17.7813,17.0975
05/05/2020,16.9625,144357320,16.9325,17.5562,16.8025
05/04/2020,16.4375,100377800,15.6337,16.4825,15.5175
05/01/2020,15.8775,173122720,16.33,16.8275,15.625
04/30/2020,17.4425,190272520,17.6025,17.6172,16.9876
04/29/2020,17.3275,173051880,16.7625,17.5925,16.5225
04/28/2020,15.695,193123640,17.055,17.0575,15.6525
04/27/2020,16.5925,152360880,16.795,16.8975,16.41
04/24/2020,16.275,159183560,15.635,16.35,15.3025
04/23/2020,15.525,212433920,15.8075,16.3975,15.43
04/22/2020,15.6275,137946000,15.2575,15.915,15.0775
04/21/2020,14.3575,259744960,15.665,15.7825,14.0775
04/20/2020,16.1425,193498760,16.2975,16.8775,16.115
04/17/2020,16.6825,231782240,16.9175,17.025,16.0075
04/16/2020,16.275,281460080,15.9525,16.5175,15.4875
04/15/2020,15.4475,215843840,15.2275,15.8475,14.9152
04/14/2020,15.9775,245024840,15.0125,16.10,14.8475
04/13/2020,14.1425,213480160,13.50,14.22,13.2685
04/09/2020,13.6675,276648880,13.9825,14.18,13.3175
04/08/2020,13.6175,259090080,13.1713,13.75,12.82
04/07/2020,12.80,329004800,13.975,14.0725,12.75
04/06/2020,12.825,259308600,11.7775,13.0475,11.591
